<?xml version="1.0" encoding="utf-8"?>

<updates>

    <update>
       <name>Accessibility Enabler</name>
       <description>The official Accessibility Enabler Plugin for Joomla. It helps to increase sales with disability friendly site.</description>
       <element>a11yenabler</element>
       <type>plugin</type>
       <folder>system</folder>
       <version>4.0.0</version>
       <downloads>
           <downloadurl type="full" format="zip">https://github.com/hikeorders/Accessibility-Enabler-Joomla-Plugin/blob/master/accessibility-enabler-joomla-plugin.zip?raw=true</downloadurl>
       </downloads>
       <maintainer>HikeOrders</maintainer>
       <maintainerurl>https://hikeorders.com/accessibility/home</maintainerurl>
       <targetplatform name="joomla" version="3.[012345678910]"/>
       <client>0</client>
       <client_id>0</client_id>
    </update>

</updates>